<?xml version="1.0" encoding="UTF-8"?>
<project-private xmlns="http://www.netbeans.org/ns/project-private/1">
    <editor-bookmarks xmlns="http://www.netbeans.org/ns/editor-bookmarks/2" lastBookmarkId="0"/>
    <open-files xmlns="http://www.netbeans.org/ns/projectui-open-files/2">
        <group>
            <file>file:/run/media/DiscExterno/Facultad%204to/Diseno%20Orientado%20a%20Objetos/Trabajo%20Final%20DOO/Final%20DOO%20Proyecto/FinalDOOv1/test/main/GestorGeneralTest.java</file>
            <file>file:/run/media/DiscExterno/Facultad%204to/Diseno%20Orientado%20a%20Objetos/Trabajo%20Final%20DOO/Final%20DOO%20Proyecto/FinalDOOv1/src/main/AplicacionMVC.java</file>
            <file>file:/run/media/DiscExterno/Facultad%204to/Diseno%20Orientado%20a%20Objetos/Trabajo%20Final%20DOO/Final%20DOO%20Proyecto/FinalDOOv1/test/modeloFactoryPersona/PersonaTest.java</file>
        </group>
    </open-files>
</project-private>
